2025-09-16_19-51-44,None,draft.py:2025-09-16_19-51-44
2025-09-16_19-51-45,None,draft.py:2025-09-16_19-51-44
2025-09-16_19-55-31,None,draft.py:2025-09-16_19-55-31
2025-09-16_20-03-39,None,draft.py:2025-09-16_20-03-39
2025-09-16_20-03-48,None,draft.py:2025-09-16_20-03-48
2025-09-16_20-10-04,None,draft.py:2025-09-16_20-10-04
2025-09-16_20-11-15,None,draft.py:2025-09-16_20-11-15
2025-09-16_20-11-58,None,draft.py:2025-09-16_20-11-58
2025-09-16_20-12-46,None,draft.py:2025-09-16_20-12-46
2025-09-16_20-13-30,None,draft.py:2025-09-16_20-13-30
2025-09-16_20-22-15,None,draft.py:2025-09-16_20-22-15
2025-09-16_20-22-28,None,draft.py:2025-09-16_20-22-28
2025-09-16_20-22-41,None,draft.py:2025-09-16_20-22-41
2025-09-22_16-44-57,None,draft.py:2025-09-22_16-44-57
2025-09-22_16-45-13,None,draft.py:2025-09-22_16-44-57
2025-09-22_16-51-07,None,draft.py:2025-09-22_16-44-57
2025-09-23_11-00-34,None,draft.py:2025-09-23_11-00-34
2025-09-23_11-27-06,None,draft.py:2025-09-23_11-27-06
2025-09-23_11-27-33,None,draft.py:2025-09-23_11-27-06
2025-09-23_11-30-16,None,draft.py:2025-09-23_11-27-06
2025-09-23_11-40-24,None,draft.py:2025-09-23_11-40-24
